BM:CL03-CONG TY,,,,,CÂY THỜI GIAN CÔNG TY HOẠT ĐỘNG,,,,,,,,,,,,,,,,,,,,
Công Ty:,,,,,,,,,,,,,,,,,,,,,,,,,
Kỳ chiến lược: Năm 2026,,,,,,,,,,,,,,,,,,,,,,,,,
CÂU CHIẾN LƯỢC: ,,,,,,,,,,,,,,,,,,,,,,,,,
STT,GIAI ĐOẠN THEO CHU KỲ KINH DOANH/ QUÝ,MỤC ĐÍCH,MỤC TIÊU,HẠN MỤC CÔNG VIỆC CHO TỪNG HOẠT ĐỘNG ( CÁCH LÀM),NGƯỜI PHỤ TRÁCH (CHỊU TRÁCH NHIỆM), ĐO LƯỜNG,,CẦN NGUỒN LỰC GÌ ?/NGÂN SÁCH,KHÔNG GIAN ,THÁNG 01,,,,,,THÁNG 02,,,,,THÁNG 03,,,,
,,,,,,KPIs,CHỈ SỐ,,,W01,W02,W03,W04,W05,,W06,W07,W08,W09,,W10,W11,W12,W13,W14
,,,,,,,,,,,,,,,,,,,,,,,,,
,,,,,,,,,,,,,,,,,,,,,,,,,
,,,,,,,,,,,,,,,,,,,,,,,,,
,,,,,,,,,,,,,,,,,,,,,,,,,
,,,,,,,,,,,,,,,,,,,,,,,,,
,,,,,,,,,,,,,,,,,,,,,,,,,
,,,,,,,,,,,,,,,,,,,,,,,,,
,,,,,,,,,,,,,,,,,,,,,,,,,
STT,GIAI ĐOẠN THEO CHU KỲ KINH DOANH/ QUÝ,MỤC ĐÍCH,MỤC TIÊU,HẠN MỤC CÔNG VIỆC CHO TỪNG HOẠT ĐỘNG ( CÁCH LÀM),NGƯỜI PHỤ TRÁCH (CHỊU TRÁCH NHIỆM), ĐO LƯỜNG,,NGUỒN LỰC / NGÂN SÁCH,KHÔNG GIAN ,THÁNG 04,,,,,,THÁNG 05,,,,,THÁNG 06,,,,
,,,,,,KPIs,CHỈ SỐ,,,W14,W15,W16,W17,W18,,W18,W19,W20,W21,W22,W23,W24,W25,W26,W27
,,,,,,,,,,,,,,,,,,,,,,,,,
,,,,,,,,,,,,,,,,,,,,,,,,,
,,,,,,,,,,,,,,,,,,,,,,,,,
,,,,,,,,,,,,,,,,,,,,,,,,,
,,,,,,,,,,,,,,,,,,,,,,,,,
,,,,,,,,,,,,,,,,,,,,,,,,,
,,,,,,,,,,,,,,,,,,,,,,,,,
,,,,,,,,,,,,,,,,,,,,,,,,,
,,,,,,,,,,,,,,,,,,,,,,,,,
,,,,,,,,,,,,,,,,,,,,,,,,,
STT,GIAI ĐOẠN THEO CHU KỲ KINH DOANH/ QUÝ,MỤC ĐÍCH,MỤC TIÊU,HẠN MỤC CÔNG VIỆC CHO TỪNG HOẠT ĐỘNG ( CÁCH LÀM),NGƯỜI PHỤ TRÁCH (CHỊU TRÁCH NHIỆM), ĐO LƯỜNG,,NGUỒN LỰC / NGÂN SÁCH,KHÔNG GIAN ,THÁNG 07,,,,,,THÁNG 08,,,,,THÁNG 09,,,,
,,,,,,KPIs,CHỈ SỐ,,,W27,W27,W28,W29,W30,W31,W32,W33,W34,W35,,W36,W37,W38,W39,W40
,,,,,,,,,,,,,,,,,,,,,,,,,
,,,,,,,,,,,,,,,,,,,,,,,,,
,,,,,,,,,,,,,,,,,,,,,,,,,
,,,,,,,,,,,,,,,,,,,,,,,,,
,,,,,,,,,,,,,,,,,,,,,,,,,
,,,,,,,,,,,,,,,,,,,,,,,,,
STT,GIAI ĐOẠN THEO CHU KỲ KINH DOANH/ QUÝ,MỤC ĐÍCH,MỤC TIÊU,HẠN MỤC CÔNG VIỆC CHO TỪNG HOẠT ĐỘNG ( CÁCH LÀM),NGƯỜI PHỤ TRÁCH (CHỊU TRÁCH NHIỆM), ĐO LƯỜNG,,NGUỒN LỰC / NGÂN SÁCH,KHÔNG GIAN ,THÁNG 10,,,,,,THÁNG 11,,,,,THÁNG 12,,,,
,,,,,,KPIs,CHỈ SỐ,,,W40,W41,W42,W43,W44,,W45,W46,W47,W48,,W49,W50,W51,W52,W53
,,,,,,,,,,,,,,,,,,,,,,,,,
,,,,,,,,,,,,,,,,,,,,,,,,,
,,,,,,,,,,,,,,,,,,,,,,,,,
,,,,,,,,,,,,,,,,,,,,,,,,,
,,,,,,,,,,,,,,,,,,,,,,,,,
,,,,,,,,,,,,,,,,,,,,,,,,,
,,,,,,,,,,,,,,,,,,,,,,,,,
,,,,,,,,,,,,,,,,,,,,,,,,,
,,,,,,,,,,,,,,,,,,,,,,,,,
,,,,,,,,,,,,,,,,,,,,,,,,,
,,,,,,,,,,,,,,,,,,,,,,,,,
,,,,,,,,,,,,,,,,,,,,,,,,,
,,,,,,,,,,,,,,,,,,,,,,,,,
,,,,,,,,,,,,,,,,,,,,,,,,,
